{
  "schema_version": "1.00",
  "run_type": "ddpg_training",
  "claim": "integration_only_not_convergence",
  "state_dim": 13,
  "action_dim": 2,
  "duration_seconds": 0.10425579998991452,
  "config": {
    "seed": 42,
    "episodes": 2,
    "max_steps_per_episode": 20,
    "actor_lr": 0.0001,
    "critic_lr": 0.001,
    "gamma": 0.99,
    "tau": 0.005,
    "noise_sigma": 0.2,
    "batch_size": 16,
    "replay_buffer_size": 1000,
    "warmup_transitions": 16,
    "updates_per_step": 1,
    "actor_hidden_sizes": [
      64,
      64
    ],
    "critic_hidden_sizes": [
      64,
      64
    ]
  },
  "episodes": {
    "episode_rewards": [
      4.740040690689348,
      1.795905147455633
    ],
    "episode_steps": [
      20,
      20
    ],
    "coverage_percent": [
      0.4983388704318937,
      0.33222591362126247
    ],
    "actor_losses": [
      0.0423680916428566,
      -0.0025098538026213646,
      -0.03782404214143753,
      -0.07753031700849533,
      -0.11916874349117279,
      -0.14750845730304718,
      -0.17726309597492218,
      -0.19720128178596497,
      -0.217701256275177,
      -0.2105904519557953,
      -0.21429523825645447,
      -0.20296679437160492,
      -0.18682761490345,
      -0.18616582453250885,
      -0.18808381259441376,
      -0.17779293656349182,
      -0.16884320974349976,
      -0.16488169133663177,
      -0.15275448560714722,
      -0.14064064621925354,
      -0.1315828412771225,
      -0.1214994490146637,
      -0.1137629821896553,
      -0.09308775514364243,
      -0.08262182027101517
    ],
    "critic_losses": [
      0.38567689061164856,
      0.2992096543312073,
      0.2879573106765747,
      0.37283855676651,
      0.35760214924812317,
      0.3100166320800781,
      0.33640390634536743,
      0.3109580874443054,
      0.2787960469722748,
      0.10790900141000748,
      0.3050069808959961,
      0.3013569116592407,
      0.4591996371746063,
      0.2838169038295746,
      0.4476112723350525,
      0.11761108040809631,
      0.29939496517181396,
      0.28458118438720703,
      0.27045464515686035,
      0.2791777551174164,
      0.26478785276412964,
      0.25817134976387024,
      0.2654501497745514,
      0.27487078309059143,
      0.02459225244820118
    ]
  },
  "generated_artifacts": {
    "learning_curve": "results/plots/learning_curve.png",
    "critic_loss": "results/plots/critic_loss.png",
    "checkpoint": "results/checkpoints/best_actor.pt",
    "metrics": "results/metrics/training_metrics.json"
  }
}
